ORDER_ID,PAYMENT_SEQUENTIAL,PAYMENT_TYPE,PAYMENT_INSTALLMENTS,PAYMENT_VALUE,PAYMENT_DATE
4a02e985c7239d866a632f07ed20d9c0,1,credit_card,1,48.62,2017-10-05
3597f6476c27b4e1cc2f58588116f8f5,1,boleto,1,85.14,2017-10-03
ad62ce74c314772d34c956d73fb305f3,1,boleto,1,69.33,2017-10-03
e4fe84926e03b0030e643318464be6a7,1,credit_card,2,217.15,2017-10-02
8543d2d86c69647af5e2d957c3d21b85,1,credit_card,2,92.99,2017-10-05
9378b5fa3133e86bb44a365e66c24b03,1,credit_card,5,53.15,2017-10-03
28156e3f154f44bf5cb8c3ee9978d332,1,debit_card,1,71.63,2017-10-05
b62880756e815882264069601458b5b1,1,boleto,1,100.21,2017-10-04
407408433ee2a9ed77984aa5a06e2b2e,1,credit_card,1,76.17,2017-10-04
c3efd4a2e8fb35fdc26a1312de8e2ca2,1,credit_card,3,110.04,2017-10-03
e2c195168dcfb7f5465c1b342ac094ee,1,boleto,1,1605.14,2017-10-03
5662e7f8bbc6abe55e104ac06994a731,1,credit_card,3,57.69,2017-10-02
e417eb578007d00c0b658bc321e625fb,1,credit_card,6,111.02,2017-10-03
b9cc0087ac70da1f27b5c2b6d4f78600,1,credit_card,1,50,2017-10-05
9b434ff82e1cc10e25641256b7ec7b15,1,credit_card,8,91.18,2017-10-03
ee491eb103d02acce80f7c5950def51d,1,credit_card,1,14,2017-10-06
3c6c89e079dd7a3a2b71fe55bb30bc08,1,credit_card,3,63.1,2017-10-05
277ef68319aa0ee0561831fab6e9e0aa,1,credit_card,2,69.73,2017-10-05
74dd410abd613e48dcee781aeb269181,1,credit_card,2,24.68,2017-10-05
4ef2dc299b0885933a8773c1aa3656ae,1,boleto,1,88.72,2017-10-04
e53f0cfe74143e4d79c05a2df7e80411,1,credit_card,3,116.94,2017-10-05
541bb2ccd254b84fbaabf01e82324cb0,1,credit_card,8,105.29,2017-10-06
aa05f92f41748b3327711e6cc9ee9fc5,1,credit_card,4,150,2017-10-02
c3fd670b03599718895218d479f660b6,1,boleto,1,921.04,2017-10-04
d49fdab745d226473c5d4c8d762ff68b,1,credit_card,1,62.62,2017-10-02
41be6772462ac0053519d7f2e957211e,1,credit_card,1,6.76,2017-10-06
4e78c8e6f00a4ca7409db04227837738,1,credit_card,3,95.64,2017-10-03
a3629884bf8956b0f572069b8a20cc55,1,credit_card,3,47.47,2017-10-03
d800296ed7f572eaa43c580857d3674d,1,credit_card,1,83.98,2017-10-06
db57aa40a4bd36993047eb80281d0df3,1,credit_card,1,46.34,2017-10-06
e6b52c8a1736370e10c2f79a52fe0129,1,boleto,1,53.93,2017-10-02
758d60d6a43952b7dd1e130edd26a18d,1,credit_card,2,107.65,2017-10-02
a2eca95fe0a3ac12cb72449511a11fd6,1,credit_card,10,509.97,2017-10-06
8e78a66489b3861f846342d4b158c8f4,1,credit_card,2,158.13,2017-10-03
ab7342290dcd818479042d1def7583fa,1,credit_card,1,115.16,2017-10-06
c10ff28c81d0b9bd2a265bb0836c8b0c,1,credit_card,7,76.67,2017-10-05
8d6342c5d498f0042ad00193ce3038c8,1,boleto,1,386.81,2017-10-02
e19a8635d806af6ae2d20b3de998b0c8,1,credit_card,1,120.08,2017-10-03
b47b5e44e9e8ee3b208ddedeecb130f6,1,credit_card,3,191.46,2017-10-03
0b4379c15168b7275dd2ee52a06f4294,1,credit_card,6,61.01,2017-10-04
7216ce968c7d0e2648617fbdbf7933d1,1,credit_card,8,83.41,2017-10-06
34a254b2668083c77b9158c151571877,1,credit_card,1,34.09,2017-10-06
edb5ab08b946e1947a7cbb9f7752594c,1,credit_card,3,284.71,2017-10-03
602a7458f2248260d368f81cd86377a8,1,credit_card,3,37.82,2017-10-02
feb1bffbc0aa19c5d82a2d326737877d,1,credit_card,3,31.75,2017-10-04
12e41d433221ec81392012706ab20ff7,1,credit_card,8,120.37,2017-10-05
1d1cd1be4eb8ccedea997348b859065d,1,credit_card,1,1427.04,2017-10-04
e1ec9566121e686526654847ac92397c,1,credit_card,8,182.44,2017-10-03
bc6b924030f353c5ea9a83bdde14f994,1,credit_card,5,253.08,2017-10-02
a06a3cf27cfd40d7af7e264e94b9829d,1,credit_card,4,198.57,2017-10-02
d9e98b1f6961932f22bf340d0153bbad,1,credit_card,5,254.33,2017-10-04
7950da660ed653b5a9b6ee668da63857,1,credit_card,2,99.34,2017-10-02
9f57815d406a0864b852f229ee3aadff,1,credit_card,1,117.51,2017-10-03
ffeeb911d070bea3dd20bd5fd01da5e8,1,credit_card,5,95.69,2017-10-06
67475f71985adf5fc4111756430c2366,1,credit_card,1,36.78,2017-10-05
e6f1079796c9aa6e372d9c759310b5c2,1,credit_card,9,181.91,2017-10-02
79fc134b916a8831d03be5a38144e016,1,credit_card,8,196.99,2017-10-03
594d743c86778bb2e583167a751f3daa,1,credit_card,3,164.79,2017-10-02
7463f829999f41a9eea1e98f4e52b48d,1,boleto,1,84.69,2017-10-03
2456c2028c3aba19df5529d6fc81531f,1,credit_card,1,50,2017-10-03
abbfe78fd05873101e792fa04bbad963,1,credit_card,10,233.28,2017-10-03
1bc7db82fdfd333b6bc74fa6643c694b,1,credit_card,8,121.74,2017-10-05
8d8ffabb7ead119624dc7701f28f9d11,1,credit_card,1,45.69,2017-10-04
fa1965c98f3d6c3a1fe5589129ee48dc,1,credit_card,1,77.57,2017-10-02
294e00584d3afc45c9a512eb21c66fe2,1,credit_card,1,37.68,2017-10-06
cf0e37f46e8d7069a7488a26233cbe8a,1,credit_card,2,106.87,2017-10-03
cc3d4ac8f11e38aebf094617bdbe0fec,1,boleto,1,231.74,2017-10-04
05dbe6bf3e09d4e05160a98d0a926bb1,1,credit_card,2,173.92,2017-10-03
db00b566587066d4b94d12353f314334,1,credit_card,4,225.62,2017-10-06
e5aa5f4a57e17b84c24cd5d71905ebec,1,credit_card,3,294.7,2017-10-06
b678d73ce87da173fe475b456dca4a7d,1,boleto,1,285.78,2017-10-06
d5baf4bcffbda9d8bb2f9ee4e942c90c,1,credit_card,9,262.16,2017-10-06
24d2a265bbb8e667b3482b868457b7d6,1,boleto,1,31,2017-10-06
24b0555959f9e29bcb212e1b0ed0b878,1,credit_card,4,89.76,2017-10-06
8c9c6d6fd1d9a3443b23579d99d52e64,1,boleto,1,46.05,2017-10-02
d87d66c849378ef6a1e7a835e8e291f6,1,credit_card,3,133.11,2017-10-02
5798e78e71a22ca63000082377a15073,2,voucher,1,30,2017-10-04
12deecd130a055a8d709a6b62c807f66,1,credit_card,1,63.1,2017-10-04
04f2e46bdb0ab9fb67a417100fb3ca71,1,boleto,1,55.1,2017-10-06
f1dfaa2d6bf27637f8996f170eb3de79,1,boleto,1,52.59,2017-10-02
52c61c311129f8dc9cc4f8f1c84b0b2d,1,credit_card,8,1121.44,2017-10-03
add5c675d73c284b0b3f62fb201bd409,1,boleto,1,59.69,2017-10-02
b5d4eb6b98c48a1d20e7a7663881bdd0,2,voucher,1,30,2017-10-06
8aa5b35619d1aeb3068187d868c9aa41,1,credit_card,6,187.23,2017-10-04
056857abb03503b756f596e42d86e10b,1,boleto,1,91.66,2017-10-05
5499acc5807b92e82c4789054f71c37a,1,credit_card,4,187.97,2017-10-03
37cc4fa744f5c8577269cc56624a21a1,1,credit_card,1,37.17,2017-10-04
28a6deb28d6d4f156d94669fcb9ca8ce,1,boleto,1,135.77,2017-10-06
14a678af0f9ccd309467a5d6feb5a829,1,credit_card,3,157.13,2017-10-05
bb7c6d87a72c89ffafb1bef12c4e23d4,1,credit_card,8,129.2,2017-10-03
9111147b969505cb43b47663779162d0,1,boleto,1,72.42,2017-10-02
2ebc2fcb2f8e8a378323a13893adb1eb,1,credit_card,2,308.16,2017-10-03
e71d504f1de703f2bf1ae44d69a9d27d,1,credit_card,2,133.05,2017-10-05
91e1117f4e261dce48c8dbc09d8f2d2e,1,credit_card,2,154.74,2017-10-03
e481f51cbdc54678b7cc49136f2d6af7,1,credit_card,1,18.12,2017-10-02
6bd41909d90c9f91e22ad236ea395623,1,credit_card,2,216.15,2017-10-03
be40ba471371fdea735b41499c8655c7,1,boleto,1,127.16,2017-10-02
88b09d34d523862ed31c57b3c3b310e3,1,credit_card,1,292.72,2017-10-05
c50900d38156ee6a498f19812b8152d0,1,credit_card,1,71.05,2017-10-02
622e1ac05d77a0fe978afdbb3d174017,1,credit_card,8,518.77,2017-10-02
ab0ace3eac748a915e3dec4d62898f76,1,credit_card,2,155.78,2017-10-06
c07afe1eb3c803b21074cff6735d7c26,1,credit_card,4,181.55,2017-10-02
870fd43e82d46b9f89d7983527864ae5,1,credit_card,10,685.93,2017-10-06
85953c01cb38fbb086291bd45ad6b18e,1,credit_card,2,89.27,2017-10-03
1d28088d0d3f5967393dad85006377b2,1,boleto,1,27.68,2017-10-04
87322429288d41c9b9216ef642e9b9fc,1,credit_card,5,293.46,2017-10-03
f000585cce3f9d5edce0692f7e18bfda,1,boleto,1,268.77,2017-10-04
110d11411569c88d2745d55180027f3e,1,credit_card,3,70.74,2017-10-03
2759e33a8d084b097aaf4d4b8393e38c,1,boleto,1,73.34,2017-10-04
d3057dd3a0a5449de3b064393a47ecda,1,boleto,1,148.15,2017-10-04
b4e3586b63caa012721a22d0fc3fa3fe,1,credit_card,3,38.94,2017-10-04
a6bf292dae65f520a1f47f4df440654a,1,credit_card,2,52.59,2017-10-05
0c021596b865eb54c02ad64bf7d55aea,1,boleto,1,72.75,2017-10-04
b22fe8539dd76cacfc5337279db388b9,1,boleto,1,172.4,2017-10-02
3a96902e49651bc6e89660a93d5c6f60,1,credit_card,1,120.22,2017-10-06
b8d5cd6eb84d7b61c5c77ac4cb0b90b4,5,voucher,1,8.72,2017-10-02
d326e75b3255dce0b8d809c02280d012,1,credit_card,3,35.95,2017-10-04
bdb2bc3c571eb25e242b01f591816c7b,1,credit_card,1,38.09,2017-10-02
3146c0c437f6206198d8934ace1935e1,1,boleto,1,67.99,2017-10-06
d003080bcb95015f5bc092748ae52697,1,credit_card,1,35.05,2017-10-03
961430048597ac74ad88e6aa0796df23,1,credit_card,6,63.6,2017-10-06
2e8d9e986f6497677962424952e47f48,1,credit_card,2,155.74,2017-10-03
20ae21b63b409890b6f852c06d2458f8,1,credit_card,4,197.29,2017-10-04
50bff5996e5e67f6043d3c38633df3ea,1,credit_card,4,63.1,2017-10-03
e72ce58da5fa186692fb2a9d253c0cbd,1,credit_card,2,131.44,2017-10-03
df5f436b9325e3e1716be74b6c5ce828,1,credit_card,2,102.87,2017-10-05
505e3b83ecc630a2507a9d9c8bfedd8b,1,boleto,1,50,2017-10-05
1e74416e1dbc181320083b6e4402cd10,1,credit_card,3,34.84,2017-10-02
4b66db573efbc335f72d1f88cc5c712f,1,debit_card,1,46.63,2017-10-03
9b156799a5b75cdf61bd52c0f7e04b61,1,credit_card,10,288.13,2017-10-02
b8d5cd6eb84d7b61c5c77ac4cb0b90b4,4,voucher,1,20,2017-10-02
2bb5962dc45a9c428a888aa99d8deb46,1,boleto,1,186.95,2017-10-02
ea87e1e6046149ed0257414f5021caa4,1,credit_card,1,63.05,2017-10-06
b77827128d71dd90667727cb430e3d5e,1,credit_card,8,246.92,2017-10-04
d0bb06ef78b37700d2447cc76a9a71aa,1,credit_card,3,262.08,2017-10-05
cb0a4ac036ff43852a47ceda4d254cdf,1,credit_card,1,65.6,2017-10-03
d4304f4104fca54e2a93b03e5b04962b,1,credit_card,8,181.16,2017-10-04
12acc7b15e7e65ef48a7b01d3f42f1ae,1,credit_card,5,99.03,2017-10-06
ac5d693f43004c406ffca277f9d3e63c,1,credit_card,1,32.72,2017-10-03
8d3c15519d40227c3bcca13bb5bbf6d2,1,credit_card,1,178.64,2017-10-03
0aaf8268ec2a56cb1befff78bd5cc190,1,credit_card,3,97.9,2017-10-02
0f3d2ca532c34901392f4d86e4a1e5ba,1,credit_card,10,754.59,2017-10-02
56fcad23d524d139c18ce601575e06db,1,credit_card,1,62.78,2017-10-05
4540273b4f01534b24124542bc34568a,1,credit_card,5,54.63,2017-10-02
32e229fa77e1933548f2304a2b4d7dc7,1,credit_card,6,69.81,2017-10-04
5df3e4bdf3b11255c6c73bd401826bae,1,credit_card,1,42,2017-10-03
af70302ae0086b18836d45239ace6676,1,credit_card,5,173.13,2017-10-05
dc0b827df3db237adaa4fb6c4a770096,1,credit_card,1,71.72,2017-10-04
d684202253f5f00621b0afd578646f3d,1,credit_card,4,69.41,2017-10-02
f5f3d42a187a504d4c574ba759ef3dbd,1,boleto,1,258.45,2017-10-03
6da45c88a41888408e61bfe388d93f01,1,boleto,1,56.42,2017-10-03
cbba3011242ca136008316701ed79229,1,credit_card,6,106.29,2017-10-06
e42bf7067f681fd8fae881e02681808a,1,boleto,1,125,2017-10-03
c768b1d3a1541f992ff2a94488a364d7,1,boleto,1,57.91,2017-10-03
fa1a7d5fce60b676600d188b753759dd,1,boleto,1,99.73,2017-10-04
b4a1c1abe13b0e2adafb21da024cef98,1,credit_card,2,128.31,2017-10-02
b5d4eb6b98c48a1d20e7a7663881bdd0,3,voucher,1,30,2017-10-06
16f4a05a36f470dbed1f1c2ca6e2a616,1,credit_card,3,35,2017-10-02
502fcc6b96f393f4aba791d5ba89b409,1,voucher,1,219.63,2017-10-04
dddf3072374a44f4645fcfd6367ee77d,1,credit_card,1,73.13,2017-10-06
a9de870f0ab5215e33e82eb181f7bc44,1,debit_card,1,79.56,2017-10-03
6fcafc7a7cd30fd93d2e40a26a81d5d5,1,boleto,1,54.17,2017-10-03
2c7fa9ba8159b3183ee63a7ac9148038,1,credit_card,1,40.27,2017-10-04
b948bdde0e60c872c56a559f349c1a66,1,boleto,1,84.12,2017-10-03
c84fc53c53493ddf7c688d601056510e,1,credit_card,1,91.66,2017-10-05
5ab3ac23bb4fcf50895b04971819b545,1,boleto,1,58,2017-10-05
1c9de8c33db00893baeef2b9d1035bc7,1,credit_card,2,60.11,2017-10-03
46401f2377e0c45bb5483227a21b812c,1,credit_card,1,38.09,2017-10-05
d1d422dc16b191028b0d2eb2a06b9668,1,credit_card,1,64,2017-10-03
1b4a0e6b19d0034b531655b41ea89623,1,credit_card,4,49.75,2017-10-02
0245631f7bd55dbee7c6b441629bba94,1,credit_card,8,939.72,2017-10-05
899cdd988dd7bab43d5ed87329a96dd2,1,credit_card,7,116.06,2017-10-03
d9e3d1b54f7b0b5d95fe2e5fd70b5b42,1,credit_card,6,1061.56,2017-10-05
748c52d1621e759a512c6175e674dfbe,1,credit_card,8,374.35,2017-10-02
9bd77eb694253d1afc5b7e3ac6db55d1,1,boleto,1,77.57,2017-10-04
be7ef653148b80c79b5d9b8500c47949,1,voucher,1,13.34,2017-10-04
c9a41eaac7ef0fb40b81c58e3c7276c9,1,boleto,1,77.57,2017-10-05
ce44f44ee93f1deea42e493e84b5cd63,1,credit_card,6,155.14,2017-10-06
00d9ac423c9ad6781c0ed04e87666691,1,credit_card,3,379.2,2017-10-03
77f0ae10c13cc7c78a5393b27d121044,1,credit_card,1,0.8,2017-10-05
7001abbf1e0f0ba850285e46d880346d,1,credit_card,7,97.81,2017-10-05
6a436bfc9dcfaf12d5075d521f38afe9,1,credit_card,5,206.95,2017-10-03
98b44f8fc418ac64b3d764d949a94cd0,1,credit_card,5,577.54,2017-10-06
0372d2e3d0ac2600aa8e08e6c46cb7dc,1,credit_card,4,76.65,2017-10-02
8c4bbf2fb218d1ac2fc4fc082c238d64,1,boleto,1,144.56,2017-10-03
70e028766affefb2a0c1dbe2cc075f2a,1,credit_card,1,294.75,2017-10-02
5209e430c4a82e1eb7cd636ecbb573a3,1,credit_card,5,137.99,2017-10-05
aaab96ab260f2839451f9c2839d59109,1,boleto,1,121.98,2017-10-04
756904aced1cc1a8c19a65e81e94d0bb,1,credit_card,2,87.9,2017-10-02
864a3b3cc4c7ea1045528ea46f1848e9,1,credit_card,3,72.85,2017-10-05
2f62dbff060e1fc79791d3f079b62769,1,debit_card,1,98.22,2017-10-03
37b8c558c5edf11ec6b82f288bcdcf8c,1,credit_card,3,30.77,2017-10-06
46ab3e1c2c3eed0ed5bd72930759d25e,1,credit_card,3,31.75,2017-10-02
2db1d0694f169b74b5bbee207ca7cc64,1,credit_card,10,417.5,2017-10-04
71f3711def0641f613b693af7bf61083,1,boleto,1,82.12,2017-10-02
f5945e1d2fb8c0e83398780ccd89da61,1,boleto,1,163.97,2017-10-06
f8b8a77937cd83cba18622b9e1e2681f,1,credit_card,3,71.14,2017-10-03
14bd8f178a9b993e9c9e9e93c0179130,1,boleto,1,81.24,2017-10-04
24a79b2260e2a5084dfe1a16ce5e6b3a,1,credit_card,3,73.71,2017-10-03
5d0b508f52e300518b26bdf4807a29a6,1,credit_card,3,212.73,2017-10-04
894ad6777d752962423e37b3d4e8a83a,1,credit_card,3,238.05,2017-10-04
2c45397dc5512200c931a12dfd62b627,1,credit_card,1,150.29,2017-10-05
7d88cc8f8bebb0e650d408c374a62b29,1,credit_card,10,442.29,2017-10-05
af6e44b9d409160a33f41a80537af9b2,1,boleto,1,138.17,2017-10-03
95bfa2a85ef50d3192609d8f29b92cf9,1,credit_card,1,178.03,2017-10-04
dfca7d8ebf03cc6118734497cd33e14e,1,credit_card,3,142.96,2017-10-03
4ad1105e12f275c3475462d6811caf8b,1,credit_card,2,271.08,2017-10-04
e85cc7bf67b73e1700ee99b800496267,1,credit_card,6,99.43,2017-10-05
8b594e0da0cf5b0a013998575d95b541,1,credit_card,1,87.96,2017-10-02
455d05ce8b86b6e2b3c2e6e0a7994942,1,credit_card,3,144.56,2017-10-03
795365a1900969b1025ba6722a40950e,1,credit_card,4,105.74,2017-10-04
61877f26b314bbf4aef8f12f4cf0ed7e,1,credit_card,10,321.91,2017-10-05
bd8076c7068a60bf3d148350c9ad9975,1,credit_card,10,612.38,2017-10-02
ad9c035288b84041ed2c530e8e09db8e,1,credit_card,3,88.34,2017-10-06
58e49d5a213ab0b61bf261ddf8332f5a,1,credit_card,2,47.68,2017-10-06
9cffb1e19a2d93d7959976c5d5c11138,1,credit_card,8,223.32,2017-10-03
6ab8dac189301e155d1ff9208d98db3f,1,voucher,1,71.63,2017-10-04
ee49a90338eb325a8ebf67fd48663632,1,credit_card,1,94.25,2017-10-02
44afcef35a5f8874ce556826e49769a8,1,credit_card,2,364.41,2017-10-05
5b19559d742224610c730e73362fd0e4,1,boleto,1,57.68,2017-10-06
4bc0038f8b89dafcf62622334c66ba0d,1,credit_card,1,72.66,2017-10-03
61839bad7238b99a645d22f47028722c,1,credit_card,3,91.66,2017-10-06
aa6f6f661c3e88e007c6cb03ca1e55e3,1,credit_card,1,126.57,2017-10-05
682dc4cd6b8eeb68f00866564d1f546b,1,credit_card,2,73.15,2017-10-04
1da92dd75ffc36cc14317d51cabcc67e,1,credit_card,8,128.2,2017-10-06
6fc04dd62f16cf5d1986c91166a2125f,1,boleto,1,58.6,2017-10-04
9d440eeeb611d4b50ec1cee0ca410507,1,boleto,1,31.75,2017-10-03
27caf2d2f406488cb17f200b98a2079e,1,credit_card,5,105.71,2017-10-03
87aade85679539a3976169c4ffba9019,1,credit_card,2,132.03,2017-10-05
7a725159d3784d99725573981fcdf93e,1,credit_card,9,96.8,2017-10-02
342cf69b4246df3d10f217d51f73d01d,1,credit_card,1,58.2,2017-10-03
d2e35b4e5cffc778521aa3b668c29bcf,1,boleto,1,229.91,2017-10-05
78f804c76174954a76f38e6f3a326275,1,credit_card,2,73.13,2017-10-06
d36b13fdc087b62c490a9db5c0e0a913,1,credit_card,2,96.8,2017-10-04
11a239a4801f822c98f826b625fc9baa,1,credit_card,2,117.85,2017-10-03
96d4ceb5b0712cdd069256b87084f728,1,credit_card,2,322.19,2017-10-06
f495e955026183e7f6bbb3dac79b88e6,1,credit_card,3,338.48,2017-10-04
a1ea1bd909502b5214a0b425746fca5c,1,credit_card,3,159.39,2017-10-03
e337cdc735f7a8764df34f678640c7dd,1,credit_card,2,127.91,2017-10-06
e945c3f59acc1ba64d8c876ba137c938,1,credit_card,4,174.84,2017-10-06
7cf30c7e9430432cba6c3f562818e29b,1,credit_card,6,181.55,2017-10-04
c932ba6d8ed80935ea754bb0bf682024,1,credit_card,1,55.69,2017-10-04
39b264b9ada30f099e6584c09c902745,1,credit_card,10,128,2017-10-03
d8e243ce9c93a72de3d0edb7dfeae971,1,credit_card,6,61.05,2017-10-06
b5d3fcdf8ca84d9d3cc1fa3dd244320b,1,credit_card,2,181.55,2017-10-03
c6e024e14773d2ff5afd6daeaaa9239c,1,boleto,1,137.53,2017-10-02
41d988f5ce84da983c265612abf2400a,2,voucher,1,30,2017-10-04
4722880b47a0cc081c878a5a1ba8fc21,1,credit_card,1,1.93,2017-10-04
bc877ab9e18f1ce0fda75eab87a0ca8a,1,boleto,1,93.48,2017-10-05
e53550183258c1680dd24b5923d44e7e,1,credit_card,5,52.26,2017-10-06
dee9aa5c49815ac54d9348b7e4899efb,1,credit_card,1,60.75,2017-10-05
be7ef653148b80c79b5d9b8500c47949,3,voucher,1,32.06,2017-10-04
23fbbf4e70a72006ecb1a4bdd72a5d0f,1,boleto,1,63.49,2017-10-05
90558ff73a60e332ae75a7eef8d36b83,1,credit_card,4,154.72,2017-10-06
574e7fa647bceaebe16109cf9380cb2b,1,credit_card,1,61.72,2017-10-04
f7b67c9f24f5c2da0dad8c1de5e29e40,1,credit_card,3,310.2,2017-10-06
c019ee5ff9da7953b6fd6143529dad22,1,credit_card,1,40.87,2017-10-04
12b63c9981f087f01de97adb7f885540,1,credit_card,1,69.33,2017-10-03
f39c23bb826de695dcc005dbb467f7e2,1,boleto,1,117.94,2017-10-03
0d8d74c25da3888411cba598d37dac61,1,credit_card,1,73.15,2017-10-04
5420abaef4ca382f6916df704a0d54b0,1,credit_card,5,267.99,2017-10-02
51bba23b6fd5b430636450f273aadd8a,1,credit_card,3,160.12,2017-10-03
c8c474f20a667ba003a1f6e929fc3a44,1,credit_card,1,65.79,2017-10-03
e876096220cbb869c0fc1b88d1ed0fc2,1,boleto,1,53.58,2017-10-06
53bf54ff6a143b00070ba1dd2c571465,1,credit_card,4,221.71,2017-10-02
2e84df8fa5a2f0d5eab815d6c157b1f3,1,credit_card,8,303.4,2017-10-03
f57f7dbab452c458aa02f002370f6501,1,boleto,1,69.03,2017-10-06
121e0f10f4428cad6b8e0c2f584c822f,1,credit_card,3,326.53,2017-10-03
628b831e2fdf2322f2aab4ab14fc9cbb,1,credit_card,1,75.17,2017-10-03
911bdca18557d7d16cfd3964cd603460,1,credit_card,10,516.42,2017-10-02
d4e770b405f1a265106474eaf37ded74,1,credit_card,3,111.48,2017-10-04
07ae1be141672315e599bc7ebf23c5f5,1,credit_card,8,249.16,2017-10-05
bfbf45695ada6f6c2b2bbf14d224aeb1,1,boleto,1,60.85,2017-10-05
aa12e7b2813e3bd684267ce9053298a7,1,credit_card,3,190.53,2017-10-04
5fb33bff8f41b3adeec3852d10c5f9fb,1,boleto,1,91.66,2017-10-03
66992d85a03399bdd59dde2b786c8e31,1,credit_card,2,30,2017-10-06
351ddc87c9428b377765b7f1d3e478a9,1,boleto,1,43.72,2017-10-05
f8d19a0283152c2a14277f39a74da971,1,credit_card,7,72.14,2017-10-05
ab3dffe6fdcd9b7b7896d000abeefc4d,1,credit_card,4,144.01,2017-10-05
5a3b92a2c03f3b83b187d713f47ebe8e,1,boleto,1,27.68,2017-10-05
109ff01cec6b68a8e70ed431552b9be0,1,credit_card,4,263.24,2017-10-02
2b0b75a2e7ebb3fa4a95e3b6ab121e86,1,credit_card,1,70.72,2017-10-05
524e1be52afa977f77d263a35041c19f,1,credit_card,1,102.92,2017-10-06
b7bc5ba43aa844539fff0500e51b0010,1,credit_card,2,61.01,2017-10-03
2c909dcd674aa5bc39eb0841b7b8484b,1,credit_card,4,154.19,2017-10-02
4fddd233c42ca366f24daa034b3adacf,1,credit_card,1,93.78,2017-10-04
ad69edd5c027bb8d8647e5ad00cd2857,1,credit_card,5,275.2,2017-10-02
b8d5cd6eb84d7b61c5c77ac4cb0b90b4,1,voucher,1,20,2017-10-02
55af3f02d418fbfae46c0e04bffe4676,1,boleto,1,111.19,2017-10-04
324390b70e40e80315c594d323f03798,1,credit_card,3,74.03,2017-10-06
e74fc2142d294fafad4237ffd8b034f9,1,credit_card,2,38.29,2017-10-03
34276839abbc2d596eb36540d36c624c,1,credit_card,5,217.78,2017-10-04
d0953216646b79a1457c04739e8414e5,3,voucher,1,14.7,2017-10-02
fda140e135ccab872e95fb03e76ba27a,1,credit_card,1,76.98,2017-10-03
be7ef653148b80c79b5d9b8500c47949,4,voucher,1,0.11,2017-10-04
01dbd2da9b685e6d444416f7825d0931,1,credit_card,1,48.7,2017-10-04
ea7e528106f7ea156423a2cbafd75bc2,1,boleto,1,140.08,2017-10-03
c033e99bf02e103535766475e490aa19,1,boleto,1,105.08,2017-10-04
ed77ae1d4803934a1131cadffb78b41b,1,credit_card,1,672.72,2017-10-05
1f4c55439dfb0750759521284d322815,1,credit_card,1,98.7,2017-10-05
cf398216aad3dfa8731970860f663dd8,1,credit_card,2,117.95,2017-10-02
d310bd7091e28dd1dd215b1aae78f9f5,1,credit_card,2,80.54,2017-10-06
bc3fe72748b0db594e369b6060b1e34c,1,credit_card,1,154.63,2017-10-04
da0f627d7b76d59598f9b85b3745d2f3,1,credit_card,1,35,2017-10-06
d1d85d0d469cb9c26d7f8ee944c92cf1,1,voucher,1,25.26,2017-10-03
94a6ebbfa1179d1c4fcc0eef4e3f423c,1,boleto,1,146.02,2017-10-04
1c366a6fab2801f8b19036b3fc66ef17,1,credit_card,2,105.18,2017-10-02
8a5fcb4314afcbf3906bd354138b674b,1,boleto,1,39.08,2017-10-05
6aa0a6611260e7a3288dd6e2864f67eb,1,credit_card,1,0.73,2017-10-06
3785ffb02b0b201a23df7daf357c271d,1,credit_card,1,54.93,2017-10-03
f73ab50571ad3fb480ad37ed740a929b,1,credit_card,4,117.58,2017-10-05
1376095cf526ffe25c7f4783254ec3c4,1,credit_card,2,163.97,2017-10-06
3a4e44cbd3bff237fa62857370a2214e,1,credit_card,1,126.92,2017-10-03
a941ab38d254e0d803027330cbfc9416,1,credit_card,5,53.25,2017-10-05
3a0e2e2771b84c2fd7e321c15624517e,1,boleto,1,37.1,2017-10-02
6a5c530eab233c31e30ba74a78ac72cf,1,credit_card,2,142.1,2017-10-02
da9aa61ec7bb8713f483bf0bf94c71c2,2,credit_card,3,107.21,2017-10-03
478887cd708081a72d53f271fe615bae,1,credit_card,4,117.92,2017-10-03
27a1fa63452ccc6fff17e6b258e794fe,1,credit_card,5,159.21,2017-10-05
19171b9b900193fe84dc711a2dffe56d,1,credit_card,3,173.62,2017-10-05
5bd09c25c13fd88f4f9928d25cba13e3,1,boleto,1,172.52,2017-10-05
4677e6e3e54b79b7ae98dede52d8f2b0,1,credit_card,3,443.6,2017-10-05
efaf4d6a16d8eac0474f3f0b6e632a74,2,credit_card,1,40,2017-10-02
4885cd7658f4cc5aa7f5955a69540387,1,credit_card,2,145.66,2017-10-05
6cf8b5d146910e3d1b0f23f82a132194,1,boleto,1,171,2017-10-02
884245b62173977a377007d7c62cf9f2,1,credit_card,1,91.15,2017-10-04
fc8b139247ab8779064899bfa03b2b80,1,boleto,1,125,2017-10-04
526fc45095e2adeba18063d4c0700d3c,1,boleto,1,77.57,2017-10-04
c30fd0cc92f2a45137dc1ae120da4666,1,credit_card,5,62.94,2017-10-03
fad7b215b5580be62da9ee48752cf0f5,1,credit_card,4,197.29,2017-10-02
5b4bb0879cfe7c5a182da9ee3783811c,1,credit_card,1,55.11,2017-10-02
a05b1831c01baf69ce6c81050cc1405e,1,credit_card,2,116.24,2017-10-05
393d3838b419167a5bfff37dffb2ca77,1,credit_card,5,100.62,2017-10-05
b8ed227712b7665deac44bd9a5fc6a6f,1,boleto,1,158.13,2017-10-03
67afac235ed5f057e1112fea45ddfb05,1,credit_card,6,146.29,2017-10-02
be7ef653148b80c79b5d9b8500c47949,2,voucher,1,32.06,2017-10-04
067c29bb966641e04d1d7a924aa3157c,1,credit_card,1,77.57,2017-10-02
d0ea601e79bae1c3f0c140aa4bc298c8,1,credit_card,2,157.35,2017-10-04
0dfa0cd73d2c16254c2cf4ee72d13c3f,1,credit_card,5,92.99,2017-10-03
3af48ad0934525e604c7f4329131ad43,1,boleto,1,52.26,2017-10-03
3e1932d12fea3c82f976273812475645,1,boleto,1,21.77,2017-10-02
cd5e56b5a3ac9bab0513602f1feb6d08,1,credit_card,1,293.36,2017-10-05
20ed9112468e53910662943593702290,1,credit_card,4,116.94,2017-10-06
97b1082dbd479f678e3eda517490413c,1,credit_card,1,77.57,2017-10-04
e481f51cbdc54678b7cc49136f2d6af7,3,voucher,1,2,2017-10-02
c1f96d0e2636bcdef5ba712724d9dd6e,1,credit_card,5,80.11,2017-10-06
7a16d8eadd3c788ef0386c78218da6cc,1,boleto,1,96.4,2017-10-02
3ba290d869362a67994eede4e78130f0,1,credit_card,9,102.86,2017-10-02
496fbba28bbf72d2b8a2a55cb32b1935,1,credit_card,2,75.07,2017-10-03
43c77c1881febf0c89c17b98fa782d6d,1,credit_card,1,73.34,2017-10-04
6741c985ef8aed8442026a557e8a9220,1,boleto,1,293.58,2017-10-03
48abd4dcc16f0885de523602c047d437,1,boleto,1,93.57,2017-10-05
8dde8a7517f12da7ac022d2feac7db9a,1,credit_card,1,114.13,2017-10-05
110f190bf49ab04f3ead4f860570e902,1,credit_card,9,92.11,2017-10-03
356f68057b81e3a00ee64a8e16051517,1,credit_card,8,367.6,2017-10-03
59a9185f4ae4b284bf06962763f4317d,1,credit_card,2,136.07,2017-10-04
6aa12b7bccdfe9396d5feb50030e1b3f,1,credit_card,4,86.02,2017-10-06
6d4e57d7c544dcf34b3dd4c1afb12c60,1,credit_card,3,192.92,2017-10-03
6f3a2c8b196fb74e743e30c4cfa59ccb,1,credit_card,4,106.78,2017-10-06
c32aa6c419d45714f23c9df96f217cc9,1,credit_card,4,41.58,2017-10-05
9bc5470258187bd978ad5e82284375fe,1,boleto,1,38.27,2017-10-06
f363b12aa89906f0696246938ec7c6ba,1,credit_card,1,66.17,2017-10-06
e19a6a3393b0a8dec5b1117a0642252e,1,credit_card,10,599.3,2017-10-03
4adf69cec5c1814bd171dafc4c12ba73,1,credit_card,3,35.04,2017-10-02
bc2f333203bc7e7aaf60226e8c890a02,1,credit_card,1,77.57,2017-10-05
d798a6f2eef74e8cd33a5c79db6a316c,1,credit_card,3,74.03,2017-10-06
431edc9c63424518da8f273659cafa77,1,credit_card,1,122.92,2017-10-05
a3629884bf8956b0f572069b8a20cc55,2,voucher,1,44.01,2017-10-03
110f190bf49ab04f3ead4f860570e902,2,voucher,1,50,2017-10-03
0960eb7bc90d80c2f02eddc17c25ee2f,1,voucher,1,64.8,2017-10-05
9aafcc551d18b973a8088ef74ced921d,1,credit_card,1,41.75,2017-10-04
6b2909c0acee3c3cd2b71bcc89e6a7df,1,credit_card,10,525.98,2017-10-06
95e19f10a6f514fa5e093e74d2e3f58b,1,boleto,1,510.81,2017-10-06
b8fe1ee18bb4fc8242cafbc4d3edb987,1,credit_card,1,97.72,2017-10-06
e4dd49ba0611671232dcae9e0dc08206,1,boleto,1,88.56,2017-10-06
7e6d0e5b8f1f04ddb5b183f33aec691e,1,credit_card,1,217.55,2017-10-04
57274b4596c5c76c54168e88dbcf922f,1,credit_card,1,45.91,2017-10-02
19259f0b5b74280e512323b689882554,1,credit_card,1,56.01,2017-10-06
98361657306551e400c1037a76c7ce44,1,credit_card,7,105.29,2017-10-04
9706023383737a509d67fdd3eaf88e54,2,voucher,1,100,2017-10-02
9115830be804184b91f5c00f6f49f92d,1,credit_card,2,42.42,2017-10-04
2cb1dbf399fd85ab146055c539b09ccf,1,boleto,1,43.29,2017-10-03
22fbdd6f729be005701007029d8e0d16,1,credit_card,3,76.08,2017-10-02
fa807b443e46df35d40fa3e40349057a,1,credit_card,8,403.81,2017-10-06
442651ec03ad04b3ba5cd034cc8853c8,1,credit_card,1,54.1,2017-10-05
adb295eaa7acf068902018c99076d0a5,1,credit_card,3,64.62,2017-10-04
226e081eeb9e359389b212a6b26f84dd,1,credit_card,3,165.46,2017-10-05
318a41eb5de685684d15e6ce68fa5ab7,1,credit_card,3,59,2017-10-04
a24e28c5eac9b7e62c315eb54a21a1e0,1,boleto,1,148.22,2017-10-04
8f80c260c49e02ec6dabd0385b79e1f7,1,credit_card,1,73.34,2017-10-05
689bab76a2f9102a2fe1eaa764c34942,1,credit_card,1,37.78,2017-10-02
bdc9a22cefa4b3ad2d837d2e0efeeab0,1,credit_card,1,180.51,2017-10-04
c1483dff7c3e7cd1018e710012ec892b,1,credit_card,3,81.11,2017-10-03
75a603587f83062993751067174b8cbe,1,boleto,1,238.68,2017-10-02
7060af1357b2b39a2545d6f54b30c774,1,credit_card,1,31.38,2017-10-03
f8898796f33b7a0741dc0cf4f54c0001,1,credit_card,2,106.88,2017-10-03
61e65f86ab3c3c64379719d4353f13fb,1,credit_card,8,386.88,2017-10-06
c2e945f7388f760b0bd02c22a4f6993c,1,credit_card,1,70.03,2017-10-03
e4e3b896819586eea806108a108aad30,1,credit_card,8,87.82,2017-10-04
677f9173f4c3d73675716a1200c8486d,1,credit_card,8,359.64,2017-10-06
7e5db9e4a8de1e5908fa74963fd30e41,1,boleto,1,113.72,2017-10-06
08dfcccb31a3a2b6f527d245ebd3310b,1,credit_card,2,137.53,2017-10-03
6acb950e03dd47135b13ab25534934a5,1,boleto,1,55.09,2017-10-06
c79fa1e8485d41926511c2c2074a5f9c,1,credit_card,1,31.77,2017-10-06
2301a0f5629f3d66f880849265f50515,1,credit_card,6,84.23,2017-10-04
68dfe33ed363b170a0bb5b8a03cb2c14,1,credit_card,10,153.17,2017-10-02
2c085be01cf9f459a741b95e7d81860f,1,credit_card,3,52.33,2017-10-06
2d40e4509fd3b132931c957812969adc,1,credit_card,3,245.51,2017-10-02
e288fa5f1799464f8ec22b005044bf8a,1,credit_card,1,35,2017-10-02
72e44b7d63b447ef53a8a281314c6a9d,1,credit_card,2,101.87,2017-10-06
81039bb5e28d76cd6757558d5800a617,1,credit_card,3,95.58,2017-10-03
51375acfdef4d742df94640aa60d385b,1,credit_card,10,1643.64,2017-10-06
2b766b959bb75e5cfef89489c1f26c6c,1,credit_card,6,127.11,2017-10-06
64f0da9068715955d37b40377363ecc7,2,voucher,1,100,2017-10-05
216bc8ebe70b73bb6e7e3270d9a5df56,1,credit_card,1,70.72,2017-10-03
6aa0a6611260e7a3288dd6e2864f67eb,2,voucher,1,71.09,2017-10-06
74da3383cde17137b2241e3b7e40c78b,1,credit_card,1,63.6,2017-10-04
8f642c94980ebe5d01b42807bc732650,1,credit_card,1,47.69,2017-10-06
eae7c385faf129f9e3dfa314bda4d979,1,credit_card,3,124.02,2017-10-02
9913ce9487d390ef37cd3b6cc3883f0e,1,credit_card,6,229.5,2017-10-04
d35588da5ba45ef8d7b51fa96db86059,1,credit_card,3,91.58,2017-10-06
363aa2fb205fb8cc8568919310f793aa,1,credit_card,7,181.55,2017-10-04
53d2e274628757ebe6882d41339d46af,1,credit_card,2,144.99,2017-10-04
d1d85d0d469cb9c26d7f8ee944c92cf1,2,voucher,1,2.42,2017-10-03
31e77c77690b6d70901ee51f324ab4f5,1,credit_card,3,47.63,2017-10-04
350508df3bad3da1cf8a3ac50f8c0406,1,credit_card,8,565.91,2017-10-04
c2dd92ed017508292d833279ee263923,1,credit_card,4,41.09,2017-10-05
978564f73dadc05775f6347d1a508e12,1,boleto,1,155.45,2017-10-06
c8dc9486538955f490d0a13d54f76fe0,1,credit_card,2,203.03,2017-10-06
3a438588c7446ebe249ca2658e5e99bb,1,boleto,1,181.51,2017-10-06
ade793f46228acd3a7b6fd69a7311a93,1,credit_card,2,131.46,2017-10-03
54249baa8f0143c895313b50999164ca,1,credit_card,8,331.73,2017-10-05
8f6467bcaef44e076b48a04fa38557f3,1,credit_card,1,41.69,2017-10-02
17afe0bafc1638d46b55c1d56b393015,1,boleto,1,31.75,2017-10-04
969eb8582a6eb40b1d3a6c28b4193a55,1,boleto,1,84.24,2017-10-02
c28475e383b1ded793fe443af4d1efca,1,credit_card,10,343.7,2017-10-05
6b62e2b730a85cfa0ed45351bb31291d,1,credit_card,1,35,2017-10-02
67e1523ecabbe030f525c66b8cc57fa2,1,credit_card,1,34,2017-10-02
0548ea59d2970d4c0fc2bca54cedfd54,1,boleto,1,97.03,2017-10-06
4b5bd8e6ef37808d82dab7b2a81b18d4,1,credit_card,2,168.43,2017-10-02
b38a18864273f006f829e388b0be1458,1,credit_card,3,141.23,2017-10-05
ceb7c08202398e1199531a274b1e9922,1,credit_card,1,880.51,2017-10-02
9f68344a0c5f9d8794de633c159cbc26,1,credit_card,7,77.98,2017-10-04
1b3550f21eaa62e5626ebc18a3def944,1,boleto,1,104.28,2017-10-06
5bd9862e9eb167d733096279f6b353ed,1,credit_card,3,50.53,2017-10-03
5f74f266ac9d15d865ced07f7486c597,1,boleto,1,37.99,2017-10-06
41be6772462ac0053519d7f2e957211e,2,voucher,1,85.54,2017-10-06
4cf6a6de996beb9d4b190c7983be98d9,1,credit_card,1,146.68,2017-10-04
07dcf38560b8c50e101b3281edda6112,1,boleto,1,57.75,2017-10-03
21b0a5108bb56f3391fa2db965e76bd0,1,boleto,1,64.87,2017-10-06
04132c02a610a19773963143ba1b5bb4,1,credit_card,6,674.83,2017-10-04
1e80928c1e41dacaab0a0409f3e0b130,1,credit_card,3,35.69,2017-10-06
8a3dcb26a8eb146af97048a590585b24,1,credit_card,1,47.71,2017-10-04
27e7d98172136e7499081a19101218ca,1,credit_card,1,112.71,2017-10-04
a9d7007718934cce4ff47e8f50234160,1,credit_card,1,170.19,2017-10-04
e7ef15bdfa637f3623e554794aca295b,1,credit_card,1,88.72,2017-10-05
c8e348190c50484d7541f831a9fd75b2,1,boleto,1,164.79,2017-10-03
951e8cd4880218797b4ac75738913b7b,1,credit_card,1,69.73,2017-10-03
26a3a890da3f4724d81df62f315000db,1,credit_card,1,33.59,2017-10-03
cebaf65c7b34d3f42d887421dbaa1a30,1,credit_card,1,38.09,2017-10-04
08cdab6e94bb86120c0041ba5ce8697a,1,boleto,1,218.58,2017-10-02
52cb69feb3ca641836c8150716a8d2d7,1,boleto,1,137.2,2017-10-03
119c9e36858ecf81f6a55cf7f7b327d2,1,credit_card,7,71.41,2017-10-03
27feef8b6702f1d6ccdffd697e7f4334,1,credit_card,1,35.77,2017-10-04
9cf6e3606af3b114428d4fed81663328,1,credit_card,1,82.73,2017-10-02
e008eec42c3cdeca3e9b47a91fbc848a,1,boleto,1,155.14,2017-10-03
d0953216646b79a1457c04739e8414e5,5,voucher,1,11.21,2017-10-02
d8716a985f69a46751cc046b0fea0d98,1,credit_card,1,87.08,2017-10-06
145117b20943d6de15b374d474d2c6b1,1,credit_card,3,187.18,2017-10-04
7fe52ebfeef6316229e2078ec77ea998,1,boleto,1,33,2017-10-05
185567188e9560063ce82e8a30f82e03,1,credit_card,2,155.14,2017-10-04
ac1f454dcc22f536ef0bd5fc3d25cc61,1,credit_card,3,69.14,2017-10-03
525c6480bf01aa4830bef2e133f4ccda,1,credit_card,2,34.09,2017-10-03
e957b106ffd9736003e8249630634a04,1,credit_card,3,172.54,2017-10-03
cc40ce12255e937ab19d9124f4d0d56b,1,credit_card,2,188.6,2017-10-06
0cacc6e732b7bc8f08cca2ba2604fb1e,1,credit_card,2,65.09,2017-10-04
ad9d381a3928b29277b01f1a357a7d2d,1,credit_card,5,309.31,2017-10-04
1ac1cd9823b09ef5a14a07fdac1aee94,1,credit_card,3,174.04,2017-10-04
2b4da54d791ba338407fa772e336b880,1,credit_card,3,253.05,2017-10-06
d0bfc2beba8af659a7585f0f48efde83,1,credit_card,1,88.55,2017-10-05
48acec853641fe35696ffb5b01c44dd9,1,credit_card,2,58.76,2017-10-03
9656b5e1d47c547c84ed07f9da0fafdc,1,credit_card,1,77.57,2017-10-05
97bca524044b6fffcdbcc4ced6e2390f,1,credit_card,2,58.89,2017-10-03
e347669c9f1e06e47e56b30477d2eb1d,1,credit_card,2,84.14,2017-10-03
bd5cbf5e78a2aaafc9f6315090775f69,1,credit_card,6,241.61,2017-10-04
1747c5b6d79e2facdab870f3ba6c6839,1,credit_card,8,368.11,2017-10-05
f82a2055f59b4ccf07be7a6e9d52debd,1,credit_card,5,75.36,2017-10-05
a60cc6832b1b78e7cc684d7c82b1be03,1,credit_card,1,27.98,2017-10-04
c157dbddbf8cf9a086acf9ef8eb8cf92,1,credit_card,1,36.69,2017-10-03
5d333a08c9bce16bf18ed14c4469c1ce,1,credit_card,1,79.51,2017-10-03
c8f3878880e3fbd29d201ad4b47f9b81,1,credit_card,2,145.32,2017-10-06
cf4f44bd66792364407443876b27d1d2,1,credit_card,8,148.08,2017-10-03
2a4f7453c73c4b1383b45944fd590c25,1,credit_card,6,129.83,2017-10-04
33b1b34b5bb565c5bdea6e2995ac1cab,1,boleto,1,56.49,2017-10-03
bf4f937c279d6f44c375450523ee9383,1,credit_card,2,129.22,2017-10-06
7a93c1b0839987c2e80e344e52173ff4,1,boleto,1,224.48,2017-10-03
5a902cc5a20f8cd076f116d16d5aef9d,1,credit_card,8,1653.6,2017-10-03
cccf9681b96cdd1beb7f99ddf8b59b18,1,boleto,1,76.02,2017-10-02
d72f653ddc9ff2fd28a70168d20aaf82,1,credit_card,3,237.29,2017-10-03
b86cef4892346edbcea1de0da1f3b8af,1,credit_card,1,146.3,2017-10-06
ab7668e66b0f2053a4ba0baec415d511,1,boleto,1,158.45,2017-10-05
4549b64678720dc5a26b734faa820d93,1,credit_card,3,73.15,2017-10-03
f60d6aa784f2b40b2eff64449d1e79ed,1,boleto,1,74.05,2017-10-04
26c4ac9998f72d4fcdca3c6e27089f1b,1,boleto,1,67.42,2017-10-04
5c9a09fd2021bf429b060aa68282c87a,1,boleto,1,197.73,2017-10-05
323bbdc2ccee2a7f26f2a66fca94e58b,1,boleto,1,28.41,2017-10-03
09f7918cf38caeef665ddea1a74a6a5c,1,boleto,1,31.75,2017-10-03
f7c983ea77108633138dd0ff5e2fbd3a,1,boleto,1,255.96,2017-10-03
1bed42b5193345848c17de4d32e42a5d,1,credit_card,1,25.1,2017-10-04
2d8589819360cb6c6603825b50230ba4,1,boleto,1,77.57,2017-10-03
52c78ab2fcf49fd1ce67211ee597483d,1,credit_card,1,86.54,2017-10-04
9706023383737a509d67fdd3eaf88e54,1,credit_card,1,16.94,2017-10-02
cc95d1ba07d976d27802ccd9e8f15db1,1,credit_card,2,48.01,2017-10-06
00418a49a685c6bb60633291c3fab17a,1,credit_card,2,56.78,2017-10-03
3e4c2286500a9d3194bd7d92434c8233,1,credit_card,2,150.1,2017-10-04
8b2f26bb118efedc4e82ab2f14f64106,1,boleto,1,220.02,2017-10-02
098fd8628d7e76c7dfb58d651899ff39,1,credit_card,3,128.08,2017-10-05
6a7e99c1218ca32aefdff408295eb467,1,credit_card,3,166.71,2017-10-03
148e062419478699b7c98e0666e538a8,1,credit_card,1,25.75,2017-10-04
46a960198503941a98246a108f151e0b,1,credit_card,10,279.9,2017-10-05
12d5570966b69e36f603e3ff8aac9d4f,1,credit_card,1,72.68,2017-10-06
fe198069c03f548e40276d7c9d67c9a3,1,credit_card,1,120.09,2017-10-03
85179ceed927a62fa1fe00697a17dd5e,1,credit_card,4,148.06,2017-10-03
d0953216646b79a1457c04739e8414e5,4,voucher,1,18.29,2017-10-02
f027a72924b60764c1856fdd63de5316,1,credit_card,6,113,2017-10-05
8c7b47a875c412c4303eefc88e9d92c9,1,credit_card,4,43.1,2017-10-03
9aaa05e5944d0625906c8e3f535e5197,1,credit_card,1,123.01,2017-10-03
6a5743b4fba3fe11bd82fb9a759f703d,1,boleto,1,314.39,2017-10-05
677e38d339f46ff8cd648fa4ed787ab2,1,credit_card,10,1710.18,2017-10-04
67fa670663f748061f866f748dcef27d,1,credit_card,1,28.77,2017-10-05
dd7be4063f9703a51e6508165a76763e,1,credit_card,2,103.55,2017-10-05
d34e3e2c2b9826a73514ed2fed39aed8,1,boleto,1,53,2017-10-04
d459b5202e74f12e92fd7324e3a9eb68,1,debit_card,1,89.75,2017-10-03
705172254d979af1ed7ec13222ed5532,1,credit_card,1,152.48,2017-10-04
75bd4b8877dbbc7d78b0cae0dddcff55,1,credit_card,1,268.9,2017-10-02
01614e3e58906ab6c7e2f27e9b349f1a,1,boleto,1,61.99,2017-10-02
463a5ead09af7e15b525773f2d081b37,1,credit_card,3,518.15,2017-10-02
dce981ab14f4becc124df8d2039fa44d,1,boleto,1,34,2017-10-06
3ab974ac744bd19a111d5e19f0a90649,1,credit_card,2,95.89,2017-10-04
863d4b42822d16c06f0e216b19b8233f,1,credit_card,4,116.23,2017-10-02
d19772e154f0929b89a1dab65648767b,1,credit_card,8,1643.64,2017-10-05
0ca8999f0176e37f35b6e49a9b2569da,1,credit_card,2,98.8,2017-10-06
1a9324555dd1b3d5bfde1ebbe9f765b2,1,boleto,1,43,2017-10-02
26aaee2edab376ed50356a504172fe42,1,credit_card,8,218.35,2017-10-06
7cfa6258a4b606dc9223e212c6cd1341,1,credit_card,4,48.29,2017-10-06
3e0f66626b1d306ce899a69a2b474034,1,credit_card,1,77.66,2017-10-04
ca4ab73a0c2d4de618eb92c404e1f092,1,credit_card,2,111.55,2017-10-03
45f3c6b73e741b9f127da84371a0cd90,1,boleto,1,35,2017-10-02
1e54ddebe12a41afeba0ff4dff0613f8,1,credit_card,1,77.57,2017-10-03
c378d1766ed412f14e38a4fd8547f9e9,1,credit_card,2,21.77,2017-10-05
c38c0f119b3e3e8985c68a0204872116,1,credit_card,4,46.48,2017-10-03
3ccbc3e759cb926efed7463e36ac6344,1,credit_card,2,76.65,2017-10-03
70e381b75e694797015e96006a8b78cd,1,credit_card,3,136.49,2017-10-02
5ab6412ef2b60684cba4139fe9eff658,1,credit_card,1,60.1,2017-10-02
df5465f66ef6f3f877889281259aab02,1,boleto,1,74.62,2017-10-03
3955a17bc8a7cef95b535fb96e2abac0,1,credit_card,1,30.28,2017-10-06
11ac54d963e31673b888efff34e5b33c,1,credit_card,2,108.72,2017-10-05
d6e8909db886a81c5a4087d3a837003f,1,credit_card,3,105.37,2017-10-02
4266cc59dbee85121deb59ebfcf36eae,1,credit_card,3,133.08,2017-10-05
016d1bdf6efab4f6b805df1c03043113,1,credit_card,6,71.05,2017-10-04
6939929750f1b79c68d653a9402d14a3,1,credit_card,3,132.53,2017-10-05
eec5a5f87ba565c451bd208e03ed3b2a,1,credit_card,3,31.75,2017-10-02
c7cfea0c153e6382e32e84c2a9dd7d2e,1,credit_card,3,81.22,2017-10-03
9115830be804184b91f5c00f6f49f92d,2,voucher,1,64.37,2017-10-04
f7df7f91530ad835a392fbdccf183a22,1,boleto,1,41.38,2017-10-03
8eda634e0a441cc94d73885ca16ecadd,1,credit_card,5,310.28,2017-10-06
d326e75b3255dce0b8d809c02280d012,2,voucher,1,1.42,2017-10-04
93fd94c99b582fd7ccdf72b3721e34ea,1,credit_card,1,15,2017-10-03
ffd84ab39cd5e873d8dba24342e65c01,1,credit_card,1,65.36,2017-10-04
65e6b525bace662c8db890bd33df5299,1,credit_card,4,237.94,2017-10-03
1db10009e008df42edeea48899edf595,2,voucher,1,135.17,2017-10-04
d9a79759e192eeea9d5227b706bb6155,1,credit_card,1,53,2017-10-04
17affe817f6b2a24ec4a9b5bb67a1671,1,credit_card,10,1627.84,2017-10-05
421458b47a5a081467392d21eb42aeb4,1,credit_card,1,4.03,2017-10-03
1a867802edf4f74cef9de8cfe691e5f3,1,credit_card,2,164.81,2017-10-02
b5d4eb6b98c48a1d20e7a7663881bdd0,1,credit_card,1,14.05,2017-10-06
472da07b7704c63a67ef872b922ab5c3,1,debit_card,1,86.02,2017-10-05
5798e78e71a22ca63000082377a15073,1,credit_card,1,1.75,2017-10-04
565764e1a977efdce1789541c08aef07,1,credit_card,1,57.53,2017-10-03
c301f64860cec992f8d9c532fb00f867,1,credit_card,7,73.56,2017-10-05
a73de8635a0cb0aee3da3736197f76b2,1,credit_card,4,1635.64,2017-10-02
9dc64ac5787edf0d88888ec315c57087,1,credit_card,3,32.22,2017-10-03
27d948e8e3d9abb11648cfa05b1ce3f7,1,credit_card,2,52.1,2017-10-05
b43df491e0d3baf726d66ac133ddc15e,1,boleto,1,77.57,2017-10-06
b19b0d1dcf07ad7d58c75f45e9744ba5,1,credit_card,2,129.55,2017-10-04
7e328722acf010241ef36b4fe0b4ff21,1,debit_card,1,41,2017-10-02
4587bf1bd378047abcecf8a3193bbbc8,1,credit_card,1,76.99,2017-10-05
28535142350a39b7645bf9afd946e1fd,1,credit_card,4,273.39,2017-10-02
db267aa9141e401f3dfd53da809cc8f2,2,voucher,1,31.86,2017-10-03
60c903f5cb6055bf5a3b4f09ba288c9c,1,credit_card,2,408.16,2017-10-02
f5a3eb7fb74526595623599e391ef6fd,1,credit_card,2,143.06,2017-10-03
2fd592f3553f88b7489e09179c93f261,1,boleto,1,233.58,2017-10-06
697a3f72fadd1e5af4740ab0fccd99ed,1,credit_card,2,140.23,2017-10-06
48dcae389be2ddd6ad3ba930055ebe4f,2,voucher,1,50,2017-10-06
4f3ca5ff0917ab7f5c33e83a98ca7a83,1,credit_card,1,87.64,2017-10-05
2d40e4509fd3b132931c957812969adc,2,voucher,1,100,2017-10-02
13e5354115bbe8a836521ae423852ffe,1,boleto,1,89.78,2017-10-03
32a125a6a8216eaa745d0e33eabc4218,1,boleto,1,116.23,2017-10-03
73d8fbbc006da6a68bb49f8cebc05a50,1,boleto,1,40,2017-10-03
94e99970c46ac11ef94327aa996b30de,1,credit_card,1,112.55,2017-10-03
7a73dbb7b879e915cfd13e75852d910d,1,boleto,1,47.68,2017-10-03
c729a2c3dd65a6880f7d4c57d792fa48,1,credit_card,2,116.94,2017-10-06
57f6d3bb73ed5867cdf53c4acff3f994,1,credit_card,1,148.71,2017-10-02
a2115aed0dfabe789753c37481ea79d2,1,credit_card,1,75.17,2017-10-04
9ba31b95aa2ad7ab24bcd9f64a89ea43,1,credit_card,1,48.2,2017-10-04
dc8a41c3b06bd915d57fcd0e89973744,1,credit_card,2,131.56,2017-10-04
bfb319221f8164f860374cd0cf9f9859,1,credit_card,6,769.59,2017-10-04
8b17d9b0ca1fcef1952990014a1e099f,1,boleto,1,155.14,2017-10-03
ec63f4c635c0636e67e6d9a51e923bff,1,credit_card,3,34.09,2017-10-04
18a2975cf60c93ee6d1b866f3f040633,1,credit_card,2,57.6,2017-10-02
8f448432fec521b889d6b87b716cc01d,1,boleto,1,294.3,2017-10-05
f699a49449767451582084ff8c362ab1,1,credit_card,3,66.6,2017-10-05
d0953216646b79a1457c04739e8414e5,2,voucher,1,65.45,2017-10-02
cd40bf01af63092e8abbe10a893710be,1,credit_card,2,121.98,2017-10-02
0af28d87520565eb3b57c9b2abe1a2cc,1,credit_card,4,3126.5,2017-10-05
c5e79fde963dea8e49adf06e70fefa9f,1,credit_card,1,35.88,2017-10-04
106dccd8cf01a9d15921ba6b3028a09d,1,credit_card,1,57.68,2017-10-02
cca9cf1218eaed08b0a72632895408ce,1,credit_card,10,120.09,2017-10-02
0bec9641279215e466966512f6b444cb,1,voucher,1,365.32,2017-10-04
f2f0e2137eed28bd2c8531655ddb7d77,1,boleto,1,137.97,2017-10-05
a1015a6d1a3f742c8de8c7a3d0356f86,1,boleto,1,125.88,2017-10-02
ef7c07e8debe38337f6865322d146103,1,debit_card,1,403.27,2017-10-03
165db2f7901b38055fe76db6894683d2,1,credit_card,1,41.27,2017-10-04
4fcd9b66261e3288dcf98c7d6f6d07da,1,credit_card,2,118.01,2017-10-04
a6264125a9c50827b115847d47c73a13,1,credit_card,2,155.14,2017-10-06
3824a5d087901938c0b9f72f6008bd6c,1,credit_card,1,215.77,2017-10-02
77f0ae10c13cc7c78a5393b27d121044,2,voucher,1,22.1,2017-10-05
b7944b4cf8652f861f981f38eaa1c8d1,1,credit_card,3,34.09,2017-10-03
6305aec3fc288054e3c30457795f98a8,1,credit_card,1,54.14,2017-10-02
a29af77084743dcf5b484cd0c19daa9b,1,credit_card,8,123.42,2017-10-06
3b4a1c677a8c6c11d2564b52b6eb636b,1,credit_card,3,87.64,2017-10-03
f5d6fb800f654ebb36a1fc03bed3fcc7,1,boleto,1,600.09,2017-10-02
1a0947b062b99b0dddceccfdf2405039,1,credit_card,1,673.68,2017-10-06
108db8c088de8e42c648bc520cec8c44,1,boleto,1,25.24,2017-10-02
efaf4d6a16d8eac0474f3f0b6e632a74,1,credit_card,1,42.7,2017-10-02
8837cc02b9f2696152b7c99ea0c1b39e,1,boleto,1,163.39,2017-10-04
41d988f5ce84da983c265612abf2400a,1,credit_card,1,26.79,2017-10-04
733382d1468823c8be556d7aa233e8da,1,credit_card,4,46.76,2017-10-05
322605f2be4d493376dd7fdf8efc47f6,1,boleto,1,166.43,2017-10-06
4c342c53eed805e5712a130cccf665ee,1,boleto,1,158.38,2017-10-04
8e9941b8e8a7f1995a71e0b55a74205d,1,credit_card,3,370.93,2017-10-02
0da30436a667e82020c86b5da53c0b21,1,credit_card,1,287.06,2017-10-02
012f255bd5034b8e7fb3c91566a91cc8,1,credit_card,1,92.8,2017-10-06
b1c3ca267130eac320fb60d3340f528a,1,boleto,1,181.55,2017-10-03
ee491eb103d02acce80f7c5950def51d,2,voucher,1,50,2017-10-06
f0691f65edb8f6ee394ea69d4e199d0a,1,credit_card,3,168.2,2017-10-02
35ff30856e32d0b5a4a2abe36bc26f4e,1,credit_card,1,133.95,2017-10-05
c7950b20ba9ee51a1d8e166dcfb4bb10,1,credit_card,8,214.27,2017-10-06
2ad4b2ebb217758686f791210a03d02a,1,credit_card,4,65,2017-10-02
104b40dd524ac48e7b814ed5eeebcea6,1,credit_card,2,62.82,2017-10-06
b8d5cd6eb84d7b61c5c77ac4cb0b90b4,2,voucher,1,20,2017-10-02
b79a0cda08be9c158bf0709bdcc1af76,1,credit_card,6,178.85,2017-10-05
c81212c37109680367e3d709dddb029d,1,credit_card,1,675.01,2017-10-02
213ede0c70c581ede2b365194da6d2fe,1,credit_card,2,140.08,2017-10-03
2f0d37ea567190781b905fe413d187b1,1,boleto,1,131.73,2017-10-03
664411dc25ffd21164cc72805f249313,1,credit_card,7,685.93,2017-10-04
9f5054bd9a3c71702aa0917a7da29193,1,boleto,1,1866.7,2017-10-05
7aa7d4fb7e95700145b7cabd86b1dc93,1,boleto,1,647.54,2017-10-04
4f533b4e7c45ae5248904a961cf710e6,1,boleto,1,78.71,2017-10-03
3daeecbd44a76530c8e9d0ac1ea4f581,1,debit_card,1,26.78,2017-10-02
599f88486aefa57adef7d260eb589778,1,credit_card,1,29.46,2017-10-06
140d5c0a692987d62971b1e5f8c02397,1,credit_card,1,39.84,2017-10-02
b575b2a70c40af121dafa8731ada46c5,1,credit_card,8,374.67,2017-10-03
7c2d06820f2b145be3fb53b858618eb7,1,credit_card,10,218.63,2017-10-04
e616d46210bb3e58e38c5422a895f39b,1,boleto,1,77.57,2017-10-05
d0953216646b79a1457c04739e8414e5,1,voucher,1,18.27,2017-10-02
4a0c442614599b83a064e2889049712c,1,credit_card,6,64.24,2017-10-02
93fd94c99b582fd7ccdf72b3721e34ea,2,voucher,1,50,2017-10-03
66528ad3bb480c8959bb478cc37becdd,1,credit_card,2,82.36,2017-10-04
4ee5490fc0c66d4c9a1f30055af9b7be,1,credit_card,1,33.27,2017-10-04
48c8c4c032915f7f1d6c34979e7f703e,1,boleto,1,42.17,2017-10-04
cc39eb27597876b3ad16c246ffcfd8de,1,credit_card,2,110.09,2017-10-06
b6c70f4b37438a78c820423809997c20,1,credit_card,4,237.88,2017-10-04
b72f6afc986ced9a7b3ec827c073cb7f,1,credit_card,1,67.36,2017-10-02
099c89b21c9d60fe648ec0bbd837bb3e,1,credit_card,1,106.85,2017-10-02
b614e97e742badfa8faff319efd171eb,1,credit_card,2,62.01,2017-10-02
03054d8a8eefc2981cfad06f58e27979,1,credit_card,7,74.06,2017-10-02
454645a3375b0ecfa430922acc9dc990,1,credit_card,3,247.14,2017-10-02
f87ed664a5aeba70114b65138cb0c9c1,1,credit_card,8,256.67,2017-10-02
f92d5bedc0cb67f0b4fb723b39af6a46,1,credit_card,10,160.83,2017-10-02
ccd7d7de58c07e32a30717c6d7f5949d,1,boleto,1,105.06,2017-10-02
e36b28a5ad1829210ce96af49823ed25,1,credit_card,1,28.41,2017-10-03
5c3a8f58f95a93d61a60220d61ea851a,1,boleto,1,101.12,2017-10-03
f4288260e85613d9d57f2024a18aa66f,1,credit_card,8,121.18,2017-10-06
3ec57f387771800e135888860c546cf8,1,credit_card,1,21.34,2017-10-03
94111a59e0311e2720ce96b0b8327eee,1,voucher,1,30,2017-10-02
256b2d808e8a564c42dfdb92b485219c,1,credit_card,2,20.53,2017-10-04
f7059c86772ca15e9640e43be7c31fb1,1,boleto,1,76.83,2017-10-04
2a4f7453c73c4b1383b45944fd590c25,2,voucher,1,27.8,2017-10-04
64f0da9068715955d37b40377363ecc7,1,credit_card,5,55.73,2017-10-05
52597890ec6f46d79c0cc61f35b1cbc7,1,credit_card,1,138.51,2017-10-03
b7998b4687fee63c38995e856e63ae5f,1,boleto,1,134.45,2017-10-02
5cf7c6f44cabbd8c1c348873022e395d,1,boleto,1,178.25,2017-10-05
9865a513bb6f1285528404a98e6e25cb,1,credit_card,10,262.16,2017-10-04
6b0de1567f1212f98b815cf9dd0197a7,1,credit_card,2,184.26,2017-10-03
d6ba22d8529806979d963f00e0698039,1,credit_card,5,220.8,2017-10-06
cf4f44bd66792364407443876b27d1d2,2,voucher,1,15.98,2017-10-03
188ee57c8c41550345490675b44167be,1,credit_card,10,560.02,2017-10-03
2b7d922e73fbd058099b6ff4b33e99f7,1,credit_card,4,187.75,2017-10-02
93fac531a5d1aa75846d96103217e85b,1,boleto,1,47.5,2017-10-05
f0a82a328fd64b2796242bbfddb7e1d4,1,credit_card,1,378.83,2017-10-06
522527427b29a3fefe865a02a7a78962,1,credit_card,2,115.44,2017-10-03
621eb879252e1ef32bfbe6f3eab23b57,1,boleto,1,121.09,2017-10-05
df3a7600e4fd0a2c595fa7ad6e2e622e,1,boleto,1,43.85,2017-10-06
37f74ee624eec2d1ca28deaa62d04602,1,boleto,1,117.44,2017-10-03
e4223b96432f4984fc69390438d80861,1,credit_card,1,34,2017-10-03
058b47cafcb62845676917a46cf732e4,1,credit_card,5,84.2,2017-10-03
60d9a5e952b00c9a481aa0e3d641b354,1,credit_card,2,369.71,2017-10-03
d5aa77f5eed8acdd598a687ccc27cfa8,1,credit_card,3,173.66,2017-10-06
dafd4cd63e908de9d1d745fee1c89637,1,boleto,1,45.79,2017-10-03
e481f51cbdc54678b7cc49136f2d6af7,2,voucher,1,18.59,2017-10-02
b6db3da1ed3c1f5a82c7e5456e212d74,1,credit_card,10,1185.58,2017-10-03
926c3141255b4979a0e74dca67a38216,1,credit_card,1,56.1,2017-10-05
94111a59e0311e2720ce96b0b8327eee,2,voucher,1,7.11,2017-10-02
69ce5a9c71e938c852ea2142a90dddb7,1,voucher,1,34.09,2017-10-04
7e5fe61e61a5f75f96daa8d7da4519cd,1,credit_card,10,413.3,2017-10-06
ca8fdc1b534df33544ec27fed6dc5fbd,1,credit_card,1,319.11,2017-10-03
c8dc34e23d7065c2f4e1788710a65ecc,1,credit_card,8,635.75,2017-10-03
dd93431d53b71db818ff6be24051ee98,1,credit_card,3,216.15,2017-10-03
c71306562d226384a996365f61966a78,1,credit_card,6,60.05,2017-10-06
166848a10d57ced4d9e4b34c593b5627,1,credit_card,10,1787.72,2017-10-06
2ade26ce6c23d8df75d4e7444128fc84,1,boleto,1,115.16,2017-10-03
2a1a1f086c448fa487f63805dcaf4974,1,credit_card,3,73.15,2017-10-03
76031077492a53bea99bb3eb41516b94,1,boleto,1,113.62,2017-10-05
77f0ae10c13cc7c78a5393b27d121044,3,voucher,1,22.1,2017-10-05
4f6a2e10ee405f1e0541c66c72d068bc,1,boleto,1,34,2017-10-06
31c4bc4f07ff54c35fce88b58ac90113,1,boleto,1,53.05,2017-10-05
36e954e851bc552fe31416b9cb10afd9,1,credit_card,4,76.56,2017-10-04
388b2569708a53d1d960db2579b1b2ab,1,boleto,1,234.73,2017-10-03
174e79bb542ecdb5565ec80e1c2d1faf,1,credit_card,2,232.55,2017-10-04
db267aa9141e401f3dfd53da809cc8f2,1,credit_card,6,80.85,2017-10-03
581c795a0fba4d5e258484943a5ab0fb,1,credit_card,8,412.52,2017-10-03
aac83029cedfde867c3b10c7762d84cd,1,credit_card,2,133.05,2017-10-03
4749a1374297f0088e587cf8cd9cc3f6,1,boleto,1,122.17,2017-10-04
984c19cef3db5bdf9a997ddf67f616ce,1,credit_card,1,97.87,2017-10-03
c895355af2bc9e095254d9581cd77699,1,credit_card,3,71.15,2017-10-03
44ee123dd806e5be0cd47203126e26c8,1,credit_card,1,77.42,2017-10-05
9e1767e9e357aefade604f2b54d83ff2,1,credit_card,1,91.05,2017-10-03
8dfc586b5e7803bddec671925c1ca06c,1,credit_card,1,50.1,2017-10-05
ace21e63d47750bf1c9d30301b61db13,1,credit_card,4,215.25,2017-10-04
449ddd1e13fed7e12cc60600ffeb3158,1,debit_card,1,33,2017-10-02
ca066470fbce42af5941867af3a294be,1,boleto,1,87.73,2017-10-06
ba1415261e29b897a230549d83bde015,1,credit_card,1,15.73,2017-10-05
06aea78197dd41a649372acb8dbc33fb,1,credit_card,1,45.93,2017-10-03
d326e75b3255dce0b8d809c02280d012,3,voucher,1,1.41,2017-10-04
1888f26c742f0f49046de7b25b975fc1,1,credit_card,2,115.37,2017-10-03
50dcbb2a2604b38d231b84bde3f62227,1,credit_card,6,86.15,2017-10-05
278ffae8d541775ba53338a54ee391a3,1,credit_card,2,57.82,2017-10-03
1aca9e580244f9953137f85a9eb5d143,1,credit_card,2,95.64,2017-10-05
870262a84754d5ee151a8be2554a5bc6,1,credit_card,7,164.81,2017-10-04
750465ac3478d2b4483153fcd61b9c13,1,credit_card,8,1692.59,2017-10-05
b8d5cd6eb84d7b61c5c77ac4cb0b90b4,3,voucher,1,20,2017-10-02
4552d969c2ffe2ac446b7a970e6953fc,1,credit_card,4,121.91,2017-10-06
5c23f0b32904be1b015b14086f097dfd,1,credit_card,1,90.88,2017-10-05
cbd6f379c5785a99687a2e00ae57b270,1,credit_card,2,138.09,2017-10-05
1db10009e008df42edeea48899edf595,1,credit_card,1,9.25,2017-10-04
40dc2ba6f322a17626aac6244332828c,1,credit_card,5,54.1,2017-10-05
d800296ed7f572eaa43c580857d3674d,2,voucher,1,311.98,2017-10-06
6ee745e53a6ca0336b04b022ac01ac73,1,credit_card,4,113.62,2017-10-03
70dc1650fbe7679b733b3d80d3073765,1,credit_card,3,99.33,2017-10-05
620955f27d3e918a0d703400e7a54692,1,credit_card,10,175.79,2017-10-02
297d104669f1daa3d656ca1bd1c34750,1,boleto,1,92.67,2017-10-02
0b7d200784c21ea7b4f3484da9a4a484,1,credit_card,1,159.76,2017-10-05
5294773561960806e1eb6ce0a58e12e0,1,boleto,1,57.1,2017-10-04
4dcebe90e2424ee4fc1a68c8d39aa533,1,boleto,1,147.06,2017-10-05
6d2d513c85c6b40a59a24c477959acdc,1,credit_card,6,129.95,2017-10-04
d07375cf3d3ef985a796fdf0b8e08f5d,1,credit_card,10,136.6,2017-10-04
4e40816dfae91a37e97704c0ef372ace,1,voucher,1,106.55,2017-10-04
e1171120e3b1615034d5372b0d3254a7,1,credit_card,4,100.33,2017-10-03
9ae84d27762f3fddb23d96e69a81f3ed,1,credit_card,2,66.91,2017-10-04
f802f0454d62d229a457b29f0dc41173,1,credit_card,2,122.51,2017-10-04
77ff15a95ac5dbc2c62ece6326365ad4,1,credit_card,2,147.15,2017-10-04
c31c5506867767b7649a3833086c2925,1,credit_card,1,31,2017-10-04
955cfc6fc88baf05abb8692e1285a9d2,1,credit_card,2,76.08,2017-10-05
9c987217fb96ab86ca15a379d251595c,1,boleto,1,71.63,2017-10-03
ab53b19e9f59776c6556ebf49e85a52c,1,credit_card,1,74.97,2017-10-04
d2f452ea9e0c96f9005879a9fe3e3cba,1,boleto,1,76.08,2017-10-04
6a4d41fb9165f032ec025794db381fa7,1,credit_card,2,137.08,2017-10-05
f5f61cf2cbe09e08293021b6b12d9e4d,1,credit_card,1,87.64,2017-10-02
19c85c4f70bebdba25d77c3881cffb2b,1,credit_card,10,121.18,2017-10-06
31593a3048f6d0e061a4101a6e5fe24f,1,credit_card,2,216.05,2017-10-05
db83da303bf20ca0e0c62da48bc6ab67,1,credit_card,1,112.71,2017-10-05
ba1415261e29b897a230549d83bde015,2,voucher,1,44.38,2017-10-05
7b862ac7558f536ca1c6f388f21d22d5,1,credit_card,1,69.73,2017-10-06
42a05f75800f7b2f57f1c57a63955911,1,boleto,1,41.84,2017-10-05
cb4e50b143da325eb1ee32b9ecd0c80b,1,credit_card,6,203.07,2017-10-04
b6d950bbbac28a711a71455adc829a5d,1,boleto,1,119.15,2017-10-04
6d771a62f8e59777188b20db61acb214,1,credit_card,3,135.08,2017-10-02
48dcae389be2ddd6ad3ba930055ebe4f,1,credit_card,1,8.12,2017-10-06
3955a17bc8a7cef95b535fb96e2abac0,2,voucher,1,60,2017-10-06
70110517388311cb851a9e9ba1d499cc,1,credit_card,10,114.46,2017-10-05
3c81b1eb31a46822410a4fb9b43f0678,1,credit_card,6,158.29,2017-10-05
9f62f8570f362ce8c44324f7cc9ca852,1,credit_card,2,90.26,2017-10-02
9d40c94d64ccd5ebd1cc2aa276e75522,1,boleto,1,219.45,2017-10-02
ed6caf9b63bf2103757e2d3bcacc7fc8,1,credit_card,1,146.96,2017-10-05
3dadb2b03a23e46461f8a31a340e3476,1,credit_card,7,394.95,2017-10-05
c170c51c1eb31dee8f0771f19fe984a6,1,credit_card,9,94.31,2017-10-04
67b0f99f4462dd93418ed97b21a6c725,1,credit_card,6,64.98,2017-10-06
421458b47a5a081467392d21eb42aeb4,2,voucher,1,167.82,2017-10-03
b4c11d342cf73a7e8bddf87f046751c4,1,boleto,1,83.17,2017-10-03
c62b6637a1c509d71c093e1e950c2ece,1,credit_card,8,166.58,2017-10-02
32a4b9871a273951733039d98aafff79,1,credit_card,3,179.26,2017-10-04
eb6027d9c2cabcf472d0ebf817b4ef05,1,credit_card,1,73.34,2017-10-03
9aec4e1ae90b23c7bf2d2b3bfafbd943,1,credit_card,10,2234.66,2017-10-02
a2dae683f3e97cc4cfc4ee2865c66ed5,1,credit_card,6,321.57,2017-10-03
492d9d1a1eb3b5a079dff6d1eb3f4b67,1,credit_card,3,134.28,2017-10-02
4722880b47a0cc081c878a5a1ba8fc21,2,voucher,1,24.2,2017-10-04
83db5c54cc71b8c55ff3cb2034c66ecf,1,credit_card,1,77.66,2017-10-02
a1bbc50582a23583fb463282d7807e6a,1,credit_card,1,79.98,2017-10-03
0e308535f2149cdf7ea180fa7495d659,1,credit_card,8,309.07,2017-10-05
78a567dacc45a1f72d4ad754a6cf82b0,1,credit_card,3,157.45,2017-10-06
31491a6bf618385b8b23b9924a119e4c,1,credit_card,1,21.77,2017-10-05
